model,scene,n_cams,MPJPE,MOTA,MOTP,Precision,Recall,t_detection,t_matching_old,t_matching_new,t_update,t_create_new,t_prediction
yolo26n-pose,171026_pose3,4,4.158946436079269,0.9859789684526791,4.070777980731729,0.9921679720046659,0.9938240694374896,0.04182113268225937,0.011089816942954293,5.57403740240261e-05,0.003949285758108509,1.6431748799872225e-05,0.0005657149929454765
yolo26n-pose,171026_pose3,8,2.5766796685087314,0.9896511433817393,2.51034337687833,0.9940009998333611,0.9956601569020197,0.08522362366968837,0.021630703772695808,4.707432073505165e-05,0.005911529523463776,3.1591080048551354e-05,0.0007148036582332749
yolo26n-pose,171026_pose3,12,2.430671315717908,0.9944917376064096,2.403866573021841,0.996334555148284,0.9981639125354699,0.1406509754580956,0.026120011771590304,0.00012518857114572222,0.006398122517835313,1.9805006450042128e-05,0.0007346731054847344
yolo26n-pose,171026_pose3,16,2.1422681319745887,0.9963278250709398,2.1312340850964517,0.997168082625354,0.9991654147888499,0.19348182700963046,0.033985758175527174,0.00015594246631147913,0.009184735966976195,5.022794713015453e-05,0.0007548269504018557
yolo26n-pose,160906_ian1,4,15.588759589875531,0.3599883687118348,6.113841619531343,0.6876513317191283,0.6606571677813318,0.04003153644410971,0.008919341514934785,5.575677294594546e-05,0.0036184852152364327,3.5599777280973895e-05,0.0003743816225420839
yolo26n-pose,160906_ian1,8,3.608347057998578,0.8144809537656296,3.3475723305745615,0.8557277114554229,0.9796452457109625,0.08217580689517975,0.017196639986311008,5.579751888096022e-05,0.005751810283807572,2.822386370583748e-05,0.0005685078381405523
yolo26n-pose,160906_ian1,12,3.4209123741326586,0.8261122419307938,3.2431686436049394,0.8608077216154433,0.9854608897935446,0.13768445409546257,0.019103388057662717,6.957271473947913e-05,0.006143061023147311,3.05677098610128e-05,0.0005903483370299607
yolo26n-pose,160906_ian1,16,3.1396499117804004,0.8121546961325967,2.9565084338379606,0.8495619524405507,0.9869148008141901,0.1877878999718232,0.024476660929552356,9.891883725261627e-05,0.008261832080694148,3.693576347238074e-05,0.000620644045654141
yolo26n-pose,170915_office1,4,5.195638628256736,0.9957683741648107,5.172703879150463,0.9988841776389199,0.9968819599109131,0.04100856878880101,0.010993516570545682,3.612660623750546e-05,0.0041895608244877725,1.3316897145058546e-05,0.0006303347305640475
yolo26n-pose,170915_office1,8,3.164657991787644,0.9991091314031181,3.161890992670078,0.9993321460373998,0.9997772828507795,0.08458546704507251,0.021483062076802728,4.6058807619071254e-05,0.006079607575653225,1.6604821152415954e-05,0.0007515834237500611
yolo26n-pose,170915_office1,12,3.1929755502058788,0.9991091314031181,3.190214857024286,0.9993321460373998,0.9997772828507795,0.13954842276733445,0.024224792801671557,9.86433416708476e-05,0.006160335777961235,1.909993223509648e-05,0.0007627877000809854
yolo26n-pose,170915_office1,16,3.2294357378665866,0.9850779510022272,3.21368749087128,0.9863646360237519,0.9988864142538976,0.1943248919030561,0.032080911590213264,0.00012826999690150842,0.007980051885675897,2.880188249077441e-05,0.0007868733270895771
yolo26n-pose,161029_build1,4,5.955587727826904,0.901885112067686,5.321268061925871,0.9561561561561561,0.9452278462223541,0.04132830624673874,0.015725210003176133,3.6285246638134445e-05,0.007131337124748063,1.5898618204478544e-05,0.000546212921319746
yolo26n-pose,161029_build1,8,2.9893826021838357,0.9820394834496067,2.8679426587965433,0.9869002060641743,0.9952501113255158,0.08559400683583125,0.0276138243595237,4.560783902064053e-05,0.009962643251247056,1.7952589050130267e-05,0.0007585866763821646
yolo26n-pose,161029_build1,12,2.934227779111059,0.9820394834496067,2.8201758410086084,0.9863275507203764,0.9958438474098263,0.1437534512229197,0.03246594859120642,6.501162357846286e-05,0.011903795629760405,2.2700246632285957e-05,0.0008163578015143664
yolo26n-pose,161029_build1,16,2.650289193913239,0.9827816535549948,2.6028180757193815,0.9861947422529006,0.9967344515362921,0.19297387736364197,0.039711313700680095,0.00011546509721970218,0.017786506763657724,3.7502103763007085e-05,0.0008591820416514502
yolo26n-pose,160224_haggling1,4,6.782724166180179,0.874149847940282,5.238407771309789,0.9300832471842864,0.9452032070776887,0.04135504704395231,0.014331078184912137,8.424986155393223e-05,0.007978910148438687,3.7458916749649995e-05,0.0005294038645147035
yolo26n-pose,160224_haggling1,8,3.268058278844758,0.8398119988941112,3.1352843565969324,0.8658060787052647,0.9939176112800664,0.08527272433253626,0.025771218035024746,9.012590597461288e-05,0.012584700846470271,4.516079023014754e-05,0.0007922889827129742
yolo26n-pose,160224_haggling1,12,3.0907873798915904,0.8395908211224772,2.953878234451631,0.8654984836085303,0.9941387890517003,0.13940649945157735,0.030609736736988028,0.00013542760993974905,0.014921137451531832,5.267517950463419e-05,0.0008449069711728953
yolo26n-pose,160224_haggling1,16,2.6575450914220835,0.8306884158142107,2.400482729512364,0.8586639927422051,0.9943599668233343,0.1915429650442675,0.0374018768409073,0.00017322408215841278,0.021201058148348238,6.772147355368361e-05,0.0008866053887332479
yolo26n-pose,160906_pizza1,4,11.422181683601892,0.6721424468696151,7.418434774476772,0.8356007249535433,0.8368294083859851,0.041914753463623736,0.01872184867767695,4.116277298890054e-05,0.01631757119639466,2.124711775686592e-05,0.0007417618807405233
yolo26n-pose,160906_pizza1,8,4.4003841142367675,0.9904422745548536,4.36134719420397,0.9931815581741219,0.9972889144170017,0.08705883201428223,0.03324958858668882,7.361555609386415e-05,0.023655410431849305,2.7720732455297063e-05,0.0009937615429322856
yolo26n-pose,160906_pizza1,12,3.9448310060615035,0.9920964962665135,3.9330076543883807,0.993035098536229,0.9991039632395176,0.14387714938692517,0.03924719952899419,0.00014009651922776054,0.02831049608530399,3.5480920993722976e-05,0.0010428796607962188
yolo26n-pose,160906_pizza1,16,3.2574809640116764,0.989132682366456,3.2457531223037512,0.9898061345226177,0.9994256174612292,0.19614604223824184,0.05017955005489833,0.00026171912845456973,0.035698540073497376,7.116791820929696e-05,0.0011039060993740955
yolo26n-pose,170221_haggling_m3,4,5.478960578932785,0.9317349317349317,5.1500104512933405,0.9604397051079515,0.9717615717615717,0.0409458472069326,0.013904172965432875,3.9007734928208474e-05,0.007936623593241585,2.3313790949312253e-05,0.0005047910139412404
yolo26n-pose,170221_haggling_m3,8,2.9963698604133526,0.9623709623709624,2.8702518470314606,0.9657083924197499,0.9978021978021978,0.08558673364291182,0.023162680513937422,5.7454598306391677e-05,0.01191058378985886,2.912354326914423e-05,0.0007090094957832033
yolo26n-pose,170221_haggling_m3,12,2.7867071078602357,0.9627705627705627,2.710871760339203,0.9657216494845361,0.9982017982017982,0.13875559373999624,0.02911635403366437,7.860570058871348e-05,0.014164924343309114,3.237740037282213e-05,0.0007580192625710669
yolo26n-pose,170221_haggling_m3,16,2.507830760476774,0.9603729603729604,2.463102814973258,0.9634867575212137,0.9982017982017982,0.19249275275086983,0.03594525571462985,0.0001303981027046505,0.022023037836501877,4.2434916786777856e-05,0.000790766857980858
yolo26n-pose,161029_sports1,4,11.419912466522645,0.5276664997496244,5.416146092373422,0.7593116164720344,0.7732849273910867,0.04048515967913748,0.01017338635524114,5.5243791903679566e-05,0.004057041080874236,3.41285217863818e-05,0.0004867541287249575
yolo26n-pose,161029_sports1,8,3.726938135906844,0.8168502754131197,3.621570837720306,0.850032181935207,0.9919879819729595,0.08447914091779773,0.01756580080589047,7.696758918852235e-05,0.005714696495964502,4.573359893790136e-05,0.0006495710085961037
yolo26n-pose,161029_sports1,12,3.3629343144070156,0.814221331997997,3.2741338647861653,0.8472133247918001,0.993365047571357,0.1388212540423381,0.022233074058336206,9.934337615656357e-05,0.006502686693631889,5.158510877517983e-05,0.0006905960748981064
yolo26n-pose,161029_sports1,16,3.0886984897101852,0.8027040560841262,2.977191403038767,0.83897229858321,0.993365047571357,0.18854075125557915,0.028533700315111005,0.00014197847238586595,0.00857736447310696,6.155229712603613e-05,0.0007043366087406564
yolo26s-pose,171026_pose3,4,3.299935934341546,0.9943248205641796,3.2710216193920094,0.9963339443426096,0.9979969954932398,0.1130310130175203,0.011193901450122492,3.585266662188447e-05,0.004232540174293368,1.2226376351183997e-05,0.0007167194951325655
yolo26s-pose,160906_ian1,4,16.12494680704638,0.35097412038383247,5.781421814342332,0.6705218617771509,0.691189299214888,0.11339029162193764,0.009756541294346485,5.477390086161904e-05,0.004629990320303477,3.501988154797194e-05,0.0004837176141736563
yolo26s-pose,170915_office1,4,5.042901708971442,0.9953229398663697,5.01739472798816,0.9986610131667039,0.9966592427616926,0.11399216938603463,0.011212162681357262,3.608789141677941e-05,0.004315455078677688,1.3225689814943407e-05,0.0007282140644642317
yolo26s-pose,161029_build1,4,5.666085047542952,0.9210331007867003,5.195967613691859,0.9653517324133793,0.955321359655633,0.11454402488002521,0.016736235471770944,4.138583182032372e-05,0.00879583099202475,2.1068198187750505e-05,0.0007228377534396037
yolo26s-pose,160224_haggling1,4,6.72567403583475,0.8789604644733204,5.016517703849321,0.9278178490687911,0.9531103124136024,0.11394005768573844,0.015393824304818797,8.544166591018439e-05,0.00998335334707129,3.8049992690018065e-05,0.0006672637707359778
yolo26s-pose,160906_pizza1,4,12.422236973933071,0.7070419299253303,7.035156933244531,0.8518899636413528,0.8559218839747271,0.115176638443834,0.020343267509442133,4.5520234003197405e-05,0.01941379688345284,2.1296481920095783e-05,0.0008382090025154563
yolo26s-pose,170221_haggling_m3,4,5.376147689461062,0.9275391275391276,4.790177641014865,0.9539735315209597,0.9745587745587746,0.11322886654655359,0.014938499783017995,4.305139878460278e-05,0.010016870368227291,2.437668494307078e-05,0.0006158530270555415
yolo26s-pose,161029_sports1,4,14.270312374593065,0.5013770655983976,5.098463234702052,0.7413876174415803,0.7705307961942914,0.11256685960026225,0.010811241106855838,6.480122504678244e-05,0.004667950989418508,4.287730516322578e-05,0.0005914256757396894
yolo26m-pose,171026_pose3,4,3.342268274103648,0.9939909864797196,3.3124778013871903,0.9961673054490918,0.9978300784510098,0.28434912016154984,0.011462525670976342,3.66306320244733e-05,0.004307950408694943,1.2434042340968378e-05,0.0007080055868763549
yolo26m-pose,160906_ian1,4,11.22836929247313,0.5449258505379471,6.103463186005509,0.7643078658020863,0.7883105553940098,0.28538936971363726,0.009667925541337658,4.628868348663673e-05,0.004664733882149449,2.598882508270132e-05,0.0005025882645374319
yolo26m-pose,170915_office1,4,4.381135891085444,0.9899777282850779,4.317555733188059,0.9959830395001116,0.9939866369710467,0.28797045652256603,0.011267121516245728,3.722259706895178e-05,0.00433726395933061,1.3772576827452414e-05,0.0007292442812144549
yolo26m-pose,161029_build1,4,5.25332658970143,0.9453762802434318,4.960277245069311,0.9772216394425296,0.9679382514472317,0.2891572259282247,0.016817677200776607,4.139531048104102e-05,0.00897246104271522,1.9260209059169473e-05,0.0007788584900185395
yolo26m-pose,160224_haggling1,4,6.62142257669922,0.8747580868122754,4.6315815923867465,0.9228137695103699,0.9546032623721316,0.28904649065513704,0.015597692529372095,8.471665936910238e-05,0.010467826775015177,4.494214669102803e-05,0.000742696859035641
yolo26m-pose,160906_pizza1,4,10.740741723133372,0.6991384261918437,6.8441146760440965,0.8469729791357884,0.8533946008041355,0.28950146496107726,0.02065286823400141,5.250907300505787e-05,0.021539787610903537,2.6807305794985345e-05,0.000886491771581738
yolo26m-pose,170221_haggling_m3,4,5.394688847571213,0.9236763236763237,4.726428536872237,0.9529688418577308,0.9716283716283717,0.28807555433788984,0.015072072851498468,4.426609509839461e-05,0.010422065480795797,2.3927390705256796e-05,0.0006985054273838893
yolo26m-pose,161029_sports1,4,12.764651817246486,0.4815973960941412,4.914047880511733,0.7234215413184772,0.7802954431647471,0.2789699681298419,0.010896008324669674,6.481280556957549e-05,0.00488258971205214,3.889796679141e-05,0.0006426743249641732
yolo26l-pose,171026_pose3,4,3.293337728631217,0.9929894842263395,3.248484477983519,0.9956673887685386,0.9973293273243198,0.3289769709209123,0.011643023749871645,3.7317013179955e-05,0.004383775743678248,1.2775818083005456e-05,0.0007253124649779728
yolo26l-pose,160906_ian1,4,10.931904446569485,0.5382378598429776,5.761977165275034,0.7623229461756373,0.7824949113114278,0.3439914244471389,0.009893849966407287,5.3809686127351596e-05,0.0047645902830408884,3.152391882031224e-05,0.000506481532890272
yolo26l-pose,170915_office1,4,4.742779704318766,0.9962138084632517,4.722941252336371,0.9991073421111359,0.9971046770601336,0.34657187072196716,0.011684075266627285,3.6913777927919806e-05,0.004491426580158683,1.360470487917256e-05,0.0007273052952756795
yolo26l-pose,161029_build1,4,5.089149209508121,0.9376577111473949,4.719760710952296,0.9734672462899115,0.9639305328781357,0.345948826087988,0.016960483360653176,4.440875373527592e-05,0.009134790896750082,2.0593239884853342e-05,0.0007714894163655117
yolo26l-pose,160224_haggling1,4,5.581029601157567,0.8897428808404755,4.4440338690694725,0.9290246893830321,0.9633397843516727,0.3459807506663958,0.015946678424056154,9.648130146088078e-05,0.01082968156504212,4.644056083634496e-05,0.0007631180720675426
yolo26l-pose,160906_pizza1,4,10.597007520429752,0.7108788052843193,6.328018287670737,0.8520237526448706,0.8604020677771396,0.34481361651347253,0.021067852331550483,5.017868848129486e-05,0.022471270257556655,2.494245572015643e-05,0.0008766091727884487
yolo26l-pose,170221_haggling_m3,4,4.848482604033603,0.9314685314685315,4.369714744576718,0.9556293979671618,0.9768231768231769,0.3354251136088502,0.015318675613415857,5.3540975065866054e-05,0.010761043862377006,2.8738487005914347e-05,0.0007197979932937485
yolo26l-pose,161029_sports1,4,16.310487874312727,0.47371056584877314,4.738252092653137,0.7182384136499884,0.7799198798197295,0.33483103178194334,0.010978684060341524,7.06705796183087e-05,0.004908755475763853,4.171878701308742e-05,0.0006403745407471433
